3cpio	0.14.0-1ubuntu1
adduser	3.153ubuntu1
amd64-microcode	3.20251202.1ubuntu2
apparmor	5.0.2-0ubuntu1~26.04.1
apport	2.34.1-0ubuntu0.1
apport-core-dump-handler	2.34.1-0ubuntu0.1
apport-symptoms	0.25build1
appstream	1.1.2-1
apt	3.2.0
base-files	14ubuntu6.1
base-passwd	3.6.8
bash	5.3-2ubuntu1
bash-completion	1:2.16.0-8build1
bc	1.07.1-4build1
bcache-tools	1.0.8-5ubuntu1
bind9-dnsutils	1:9.20.24-1ubuntu0.2
bind9-host	1:9.20.24-1ubuntu0.2
bind9-libs:amd64	1:9.20.24-1ubuntu0.2
binutils	2.46-3ubuntu2
binutils-common:amd64	2.46-3ubuntu2
binutils-x86-64-linux-gnu	2.46-3ubuntu2
bolt	0.9.10-1
bpfcc-tools	0.35.0+ds-1ubuntu2
bpftool	7.7.0+7.0.0-30.30
bpftrace	0.25.0-1ubuntu1
bsdextrautils	2.41.3-3ubuntu2
bsdutils	1:2.41.3-3ubuntu2
btrfs-progs	6.17.1-1build1
build-essential	12.12ubuntu2.26.04.2
busybox-initramfs	1:1.37.0-7ubuntu1
busybox-static	1:1.37.0-7ubuntu1
bzip2	1.0.8-6build2
ca-certificates	20260601~26.04.1
chrony	4.8-2ubuntu1
cloud-guest-utils	0.33-1build1
cloud-init	26.1-0ubuntu3~26.04.1
cloud-init-base	26.1-0ubuntu3~26.04.1
cloud-initramfs-copymods	0.58ubuntu
cloud-initramfs-dyn-netconf	0.58ubuntu
cmake	4.2.3-2ubuntu2
cmake-data	4.2.3-2ubuntu2
command-not-found	23.04.0build1
console-setup	1.237ubuntu3
console-setup-linux	1.237ubuntu3
coreutils	9.5-1ubuntu2+0.0.0~ubuntu25
coreutils-from-uutils	0.0.0~ubuntu25
cpio	2.15+dfsg-2.1
cpp-15	15.2.0-16ubuntu1
cpp-15-x86-64-linux-gnu	15.2.0-16ubuntu1
cpp	4:15.2.0-5ubuntu1
cpp-x86-64-linux-gnu	4:15.2.0-5ubuntu1
cpu-checker	0.7-1.4build1
crash	9.0.1+~16.3-1ubuntu1
cron	3.0pl1-200ubuntu1
cron-daemon-common	3.0pl1-200ubuntu1
cryptsetup	2:2.8.4-1ubuntu4
cryptsetup-bin	2:2.8.4-1ubuntu4
curl	8.18.0-1ubuntu2.4
dash	0.5.12-12ubuntu3
dbus	1.16.2-2ubuntu4
dbus-bin	1.16.2-2ubuntu4
dbus-daemon	1.16.2-2ubuntu4
dbus-session-bus-common	1.16.2-2ubuntu4
dbus-system-bus-common	1.16.2-2ubuntu4
dbus-user-session	1.16.2-2ubuntu4
debconf	1.5.92
debconf-i18n	1.5.92
debianutils	5.23.2build1
dhcpcd-base	1:10.3.0-7
diffutils	1:3.12-1
dirmngr	2.4.8-4ubuntu3
distro-info	1.15
distro-info-data	0.72-0ubuntu0.26.04.1
dmeventd	2:1.02.205-2ubuntu3
dmidecode	3.6-2build1
dmsetup	2:1.02.205-2ubuntu3
dosfstools	4.2-1.2build1
dpkg	1.23.7ubuntu1
dpkg-dev	1.23.7ubuntu1
dracut	110-11
dracut-core	110-11
dracut-install	110-11
dracut-network	110-11
e2fsprogs	1.47.2-3ubuntu4
eatmydata	131-2build1
ed	1.22.4-1
eject	2.41.3-3ubuntu2
ethtool	1:6.19-1
exfatprogs	1.3.2-1
fakeroot	1.37.2-1
fdisk	2.41.3-3ubuntu2
file	1:5.46-5build2
finalrd	9build2
findutils	4.10.0-3build2
fio	3.41-2
firmware-sof-signed	2025.12.2-1
fontconfig-config	2.17.1-3ubuntu1
fonts-dejavu-core	2.37-8build1
fonts-dejavu-mono	2.37-8build1
fonts-font-awesome	5.0.10+really4.7.0~dfsg-4.1build1
fonts-lato	2.015-1build1
fonts-lyx	2.5.0-1
fonts-mathjax	2.7.9+dfsg-1build1
fonts-ubuntu-console	0.869+git20240321-0ubuntu2
friendly-recovery	0.2.42build1
ftp	20260211-1
fuse3	3.18.2-1
fwupd	2.1.1-1ubuntu3.1
fwupd-signed	1.55+1.7-1
g++-15	15.2.0-16ubuntu1
g++-15-x86-64-linux-gnu	15.2.0-16ubuntu1
g++	4:15.2.0-5ubuntu1
g++-x86-64-linux-gnu	4:15.2.0-5ubuntu1
gawk	1:5.3.2-1ubuntu1.1
gcc-15	15.2.0-16ubuntu1
gcc-15-base:amd64	15.2.0-16ubuntu1
gcc-15-x86-64-linux-gnu	15.2.0-16ubuntu1
gcc-16-base:amd64	16-20260322-1ubuntu1
gcc	4:15.2.0-5ubuntu1
gcc-x86-64-linux-gnu	4:15.2.0-5ubuntu1
gdisk	1.0.10-2build1
gettext-base	0.23.2-1
ghp-import	2.1.0-3build1
gir1.2-girepository-3.0:amd64	2.88.0-1
gir1.2-glib-2.0:amd64	2.88.0-1
gir1.2-packagekitglib-1.0	1.3.4-3ubuntu1.1
git	1:2.53.0-1ubuntu1
git-lfs	3.7.1-1
git-man	1:2.53.0-1ubuntu1
gnu-coreutils	9.7-3ubuntu2
gnupg	2.4.8-4ubuntu3
gnupg-l10n	2.4.8-4ubuntu3
gnupg-utils	2.4.8-4ubuntu3
gpg	2.4.8-4ubuntu3
gpg-agent	2.4.8-4ubuntu3
gpgconf	2.4.8-4ubuntu3
gpgsm	2.4.8-4ubuntu3
gpgv	2.4.8-4ubuntu3
gpg-wks-client	2.4.8-4ubuntu3
grep	3.12-1
groff-base	1.23.0-10
grub2-common	2.14-2ubuntu2
grub-gfxpayload-lists	0.7build3
grub-pc	2.14-2ubuntu2
grub-pc-bin	2.14-2ubuntu2
gzip	1.14-1~exp2ubuntu1.1
hdparm	9.65+ds-1.1build1
hostname	3.25build1
htop	3.4.1-5build2
hwctl	0.11.0-0ubuntu1
hwdata	0.394-1build1
hwloc	2.13.0-2
ibverbs-providers:amd64	61.0-2ubuntu3
idle	3.14.3-0ubuntu2
idle-python3.14	3.14.4-1ubuntu0.1
ieee-data	20240722build1
inetutils-telnet	2:2.7-2ubuntu1.1
info	7.2-5ubuntu2
init	1.69
initramfs-tools-bin	0.151ubuntu1
initramfs-tools-core	0.151ubuntu1
init-system-helpers	1.69
install-info	7.2-5ubuntu2
intel-microcode	3.20260210.1ubuntu2
iotop	0.6-42-ga14256a-0.3build4
iproute2	6.19.0-1ubuntu1.1
iptables	1.8.11-2ubuntu3
iputils-ping	3:20250605-1ubuntu1
iputils-tracepath	3:20250605-1ubuntu1
iso-codes	4.20.1-1
isympy3	1.14.0-2
isympy-common	1.14.0-2
iucode-tool	2.3.1-3build2
javascript-common	12+nmu1build1
jq	1.8.1-4ubuntu2
kbd	2.7.1-2ubuntu2
kdump-tools	1:1.10.7ubuntu3
kexec-tools	1:2.0.32-3ubuntu1
keyboard-configuration	1.237ubuntu3
klibc-utils	2.0.14-1ubuntu2
kmod	34.2-2ubuntu2
kpartx	0.14.3-2ubuntu1
krb5-locales	1.22.1-2ubuntu4.1
landscape-common	26.02.2-0ubuntu1
less	668-1build1
libacl1:amd64	2.3.2-2
libaio1t64:amd64	0.3.113-8build1
libalgorithm-diff-perl	1.201-1
libalgorithm-diff-xs-perl	0.04-9
libalgorithm-merge-perl	0.08-5
libapparmor1:amd64	5.0.2-0ubuntu1~26.04.1
libappstream5:amd64	1.1.2-1
libapt-pkg7.0:amd64	3.2.0
libarchive13t64:amd64	3.8.5-1ubuntu2.2
libasan8:amd64	16-20260322-1ubuntu1
libassuan9:amd64	3.0.2-2build1
libatasmart4:amd64	0.19-6
libatomic1:amd64	16-20260322-1ubuntu1
libattr1:amd64	1:2.5.2-4
libaudit1:amd64	1:4.1.2-1build1
libaudit-common	1:4.1.2-1build1
libbinutils:amd64	2.46-3ubuntu2
libblas3:amd64	3.12.1-7ubuntu1
libblkid1:amd64	2.41.3-3ubuntu2
libblockdev3:amd64	3.4.0-1
libblockdev-crypto3:amd64	3.4.0-1
libblockdev-fs3:amd64	3.4.0-1
libblockdev-loop3:amd64	3.4.0-1
libblockdev-mdraid3:amd64	3.4.0-1
libblockdev-nvme3:amd64	3.4.0-1
libblockdev-part3:amd64	3.4.0-1
libblockdev-smart3:amd64	3.4.0-1
libblockdev-swap3:amd64	3.4.0-1
libblockdev-utils3:amd64	3.4.0-1
libblosc1:amd64	1.21.5+ds-2
libblosc2-7:amd64	2.23.0+ds-1
libboost-iostreams1.90.0:amd64	1.90.0-6ubuntu1
libboost-thread1.90.0:amd64	1.90.0-6ubuntu1
libbpf1:amd64	1:1.6.3-1ubuntu1
libbpfcc:amd64	0.35.0+ds-1ubuntu2
libbrotli1:amd64	1.2.0-3build1
libbsd0:amd64	0.12.2-2build2
libbytesize1:amd64	2.12-1
libbytesize-common	2.12-1
libbz2-1.0:amd64	1.0.8-6build2
libc6:amd64	2.43-2ubuntu2.3
libc6-dev:amd64	2.43-2ubuntu2.3
libcairo2:amd64	1.18.4-3
libcap2:amd64	1:2.75-10ubuntu2
libcap2-bin	1:2.75-10ubuntu2
libcap-ng0:amd64	0.8.5-4build5
libc-bin	2.43-2ubuntu2.3
libcbor0.10:amd64	0.10.2-2ubuntu3
libcc1-0:amd64	16-20260322-1ubuntu1
libc-dev-bin	2.43-2ubuntu2.3
libc-gconv-modules-extra:amd64	2.43-2ubuntu2.3
libclang1-21	1:21.1.8-6ubuntu1
libclang-cpp21	1:21.1.8-6ubuntu1
libcom-err2:amd64	1.47.2-3ubuntu4
libcrypt1:amd64	1:4.5.1-1
libcrypt-dev:amd64	1:4.5.1-1
libcryptsetup12:amd64	2:2.8.4-1ubuntu4
libctf0:amd64	2.46-3ubuntu2
libctf-nobfd0:amd64	2.46-3ubuntu2
libcurl3t64-gnutls:amd64	8.18.0-1ubuntu2.4
libcurl4t64:amd64	8.18.0-1ubuntu2.4
libdaxctl1:amd64	81-1ubuntu1
libdb5.3t64:amd64	5.3.28+dfsg2-10ubuntu1
libdbus-1-3:amd64	1.16.2-2ubuntu4
libdebconfclient0:amd64	0.280ubuntu1
libdebuginfod1t64:amd64	0.194-4
libdebuginfod-common	0.194-4
libdeflate0:amd64	1.23-2ubuntu1
libdevmapper1.02.1:amd64	2:1.02.205-2ubuntu3
libdevmapper-event1.02.1:amd64	2:1.02.205-2ubuntu3
libdpkg-perl	1.23.7ubuntu1
libdrm2:amd64	2.4.131-1
libdrm-amdgpu1:amd64	2.4.131-1
libdrm-common	2.4.131-1
libduktape207:amd64	2.7.0+tests-0ubuntu4
libdw1t64:amd64	0.194-4
libeatmydata1:amd64	131-2build1
libedit2:amd64	3.1-20251016-1
libefiboot1t64:amd64	39-2
libefivar1t64:amd64	39-2
libelf1t64:amd64	0.194-4
liberror-perl	0.17030-1
libestr0:amd64	0.1.11-2build1
libevdev2:amd64	1.13.6+dfsg-1
libevent-core-2.1-7t64:amd64	2.1.12-stable-10build2
libexpat1:amd64	2.7.4-1
libexpat1-dev:amd64	2.7.4-1
libext2fs2t64:amd64	1.47.2-3ubuntu4
libfakeroot:amd64	1.37.2-1
libfastjson4:amd64	1.2304.0-2build1
libfdisk1:amd64	2.41.3-3ubuntu2
libffi8:amd64	3.5.2-4
libfido2-1:amd64	1.16.0-2build1
libfile-fcntllock-perl	0.22-4ubuntu6
libflashrom1:amd64	1.6.0-2ubuntu1
libfontconfig1:amd64	2.17.1-3ubuntu1
libfreetype6:amd64	2.14.2+dfsg-1ubuntu0.1
libfribidi0:amd64	1.0.16-5
libftdi1-2:amd64	1.6~rc1-1build1
libfuse3-4:amd64	3.18.2-1
libfwupd3:amd64	2.1.1-1ubuntu3.1
libfyaml0:amd64	0.9.4-1
libgcc-15-dev:amd64	15.2.0-16ubuntu1
libgcc-s1:amd64	16-20260322-1ubuntu1
libgcrypt20:amd64	1.12.0-2ubuntu1
libgdbm6t64:amd64	1.26-1build1
libgdbm-compat4t64:amd64	1.26-1build1
libgfapi0:amd64	11.2-2
libgfortran5:amd64	16-20260322-1ubuntu1
libgfrpc0:amd64	11.2-2
libgfxdr0:amd64	11.2-2
libgirepository-2.0-0:amd64	2.88.0-1
libgit2-1.9:amd64	1.9.1+ds-1ubuntu1.1
libglib2.0-0t64:amd64	2.88.0-1
libglib2.0-bin	2.88.0-1
libglib2.0-data	2.88.0-1
libglusterfs0:amd64	11.2-2
libgmp10:amd64	2:6.3.0+dfsg-5ubuntu2
libgnutls30t64:amd64	3.8.12-2ubuntu1.1
libgomp1:amd64	16-20260322-1ubuntu1
libgpg-error0:amd64	1.58-2
libgpg-error-l10n	1.58-2
libgpgme45:amd64	2.0.1-2build1
libgpm2:amd64	1.20.7-12build1
libgprofng0:amd64	2.46-3ubuntu2
libgraphite2-3:amd64	1.3.14-11ubuntu1.1
libgssapi-krb5-2:amd64	1.22.1-2ubuntu4.1
libgstreamer1.0-0:amd64	1.28.2-1
libgudev-1.0-0:amd64	1:238-7build1
libharfbuzz0b:amd64	12.3.2-2
libhdf5-310:amd64	1.14.6+repack-2
libhogweed6t64:amd64	3.10.2-1
libhwasan0:amd64	16-20260322-1ubuntu1
libhwloc15:amd64	2.13.0-2
libhwloc-plugins:amd64	2.13.0-2
libibverbs1:amd64	61.0-2ubuntu3
libicu78:amd64	78.2-2ubuntu1
libidn2-0:amd64	2.3.8-4build1
libimagequant0:amd64	4.4.1-1
libimobiledevice-1.0-6:amd64	1.4.0-1build1
libimobiledevice-glue-1.0-0	1.3.2-2build1
libinih1:amd64	61-1ubuntu1
libintl-perl	1.37-1
libintl-xs-perl	1.37-1
libip4tc2:amd64	1.8.11-2ubuntu3
libip6tc2:amd64	1.8.11-2ubuntu3
libisl23:amd64	0.27-1build1
libisns0t64:amd64	0.101-2.1
libitm1:amd64	16-20260322-1ubuntu1
libjansson4:amd64	2.14-2build4
libjbig0:amd64	2.1-6.1ubuntu3
libjcat1:amd64	0.2.5-1build1
libjemalloc2:amd64	5.3.0-4
libjpeg8:amd64	8c-2ubuntu12
libjpeg-turbo8:amd64	2.1.5-4ubuntu4
libjq1:amd64	1.8.1-4ubuntu2
libjs-bootstrap5	5.3.8+dfsg-2
libjs-jquery	3.7.1+dfsg+~3.5.33-1build1
libjs-lunr	2.3.9~dfsg-2
libjs-mathjax	2.7.9+dfsg-1build1
libjson-c5:amd64	0.18+ds-3
libjsoncpp26:amd64	1.9.6-5
libjson-glib-1.0-0:amd64	1.10.8+ds-2
libjson-glib-1.0-common	1.10.8+ds-2
libjs-sphinxdoc	8.2.3-12
libjs-underscore	1.13.8~dfsg+~1.13.0-1
libk5crypto3:amd64	1.22.1-2ubuntu4.1
libkeyutils1:amd64	1.6.3-6ubuntu3
libklibc:amd64	2.0.14-1ubuntu2
libkmod2:amd64	34.2-2ubuntu2
libkrb5-3:amd64	1.22.1-2ubuntu4.1
libkrb5support0:amd64	1.22.1-2ubuntu4.1
libksba8:amd64	1.6.7-2build1
liblapack3:amd64	3.12.1-7ubuntu1
liblastlog2-2:amd64	2.41.3-3ubuntu2
liblcms2-2:amd64	2.17-1ubuntu0.2
libldap2:amd64	2.6.10+dfsg-1ubuntu5
libldap-common	2.6.10+dfsg-1ubuntu5
liblerc4:amd64	4.0.0+ds-5ubuntu2
libllvm21:amd64	1:21.1.8-6ubuntu1
liblmdb0:amd64	0.9.31-1build2
liblocale-gettext-perl	1.07-8
liblsan0:amd64	16-20260322-1ubuntu1
liblsof0	4.99.4+dfsg-2build2
libluajit-5.1-2:amd64	2.1.0+openresty20251030-1
libluajit-5.1-common	2.1.0+openresty20251030-1
liblvm2cmd2.03:amd64	2.03.31-2ubuntu3
liblz4-1:amd64	1.10.0-8
liblzma5:amd64	5.8.3-1
liblzo2-2:amd64	2.10-3build2
libmagic1t64:amd64	1:5.46-5build2
libmagic-mgc	1:5.46-5build2
libmaxminddb0:amd64	1.12.2-1build2
libmbim-glib4:amd64	1.32.0-2ubuntu1
libmbim-proxy	1.32.0-2ubuntu1
libmbim-utils	1.32.0-2ubuntu1
libmd0:amd64	1.1.0-2build4
libmm-glib0:amd64	1.25.95-1ubuntu1
libmnl0:amd64	1.0.5-3build1
libmodule-find-perl	0.17-1
libmount1:amd64	2.41.3-3ubuntu2
libmpathcmd0	0.14.3-2ubuntu1
libmpathpersist0	0.14.3-2ubuntu1
libmpc3:amd64	1.3.1-3
libmpfr6:amd64	4.2.2-3
libmspack0t64:amd64	0.11-1.1build2
libmultipath0	0.14.3-2ubuntu1
libmysqlclient24:amd64	8.4.10-0ubuntu0.26.04.1
libnbd0:amd64	1.24.2-1ubuntu1
libncurses6:amd64	6.6+20251231-1
libncursesw6:amd64	6.6+20251231-1
libndctl6:amd64	81-1ubuntu1
libnetfilter-conntrack3:amd64	1.1.1-1
libnetplan1:amd64	1.2-1ubuntu5
libnettle8t64:amd64	3.10.2-1
libnewt0.52:amd64	0.52.25-1ubuntu3
libnfnetlink0:amd64	1.0.2-3build1
libnfs14:amd64	5.0.2-1ubuntu1.1
libnftables1:amd64	1.1.6-1
libnftnl11:amd64	1.3.1-1
libnghttp2-14:amd64	1.68.0-2ubuntu0.2
libnl-3-200:amd64	3.12.0-2
libnl-genl-3-200:amd64	3.12.0-2
libnl-route-3-200:amd64	3.12.0-2
libnorm1t64:amd64	1.5.9+dfsg-4
libnpth0t64:amd64	1.8-3build1
libnspr4:amd64	2:4.38.2-1ubuntu1
libnss3:amd64	2:3.120-1ubuntu2.1
libnss-systemd:amd64	259.5-0ubuntu3.4
libntfs-3g89t64:amd64	1:2022.10.3-5ubuntu1.1
libnuma1:amd64	2.0.19-1build1
libnvidia-compute-595:amd64	595.71.05-0ubuntu0.26.04.1
libnvidia-compute-595-server:amd64	595.71.05-0ubuntu0.26.04.1
libnvme1t64:amd64	1.16.1-4
libonig5:amd64	6.9.10-1build1
libopeniscsiusr	2.1.11-3ubuntu3
libopenjp2-7:amd64	2.5.4-1ubuntu0.1
libp11-kit0:amd64	0.26.2-2
libpackagekit-glib2-18:amd64	1.3.4-3ubuntu1.1
libpam0g:amd64	1.7.0-5ubuntu3.1
libpam-cap:amd64	1:2.75-10ubuntu2
libpam-modules:amd64	1.7.0-5ubuntu3.1
libpam-modules-bin	1.7.0-5ubuntu3.1
libpam-runtime	1.7.0-5ubuntu3.1
libpam-systemd:amd64	259.5-0ubuntu3.4
libparted2t64:amd64	3.6-6
libpcap0.8t64:amd64	1.10.6-1ubuntu1
libpci3:amd64	1:3.14.0-1build2
libpciaccess0:amd64	0.18.1-1ubuntu4.1
libpcre2-8-0:amd64	10.46-1build1
libperl5.40:amd64	5.40.1-7ubuntu0.1
libpgm-5.3-0t64:amd64	5.3.128~dfsg-2.1build2
libpipeline1:amd64	1.5.8-2
libpixman-1-0:amd64	0.46.4-1
libplist-2.0-4:amd64	2.7.0+git20250820-1build1
libplymouth5:amd64	24.004.60+git20250831.4a3c171d-0ubuntu8
libpmem1:amd64	1.13.1-1.1ubuntu4
libpmemobj1:amd64	1.13.1-1.1ubuntu4
libpng16-16t64:amd64	1.6.57-1
libpolkit-agent-1-0:amd64	127-2ubuntu1
libpolkit-gobject-1-0:amd64	127-2ubuntu1
libpopt0:amd64	1.19+dfsg-2build1
libpq5:amd64	18.6-0ubuntu0.26.04.1
libproc2-0:amd64	2:4.0.4-9ubuntu1
libproc-processtable-perl:amd64	0.637-1
libpsl5t64:amd64	0.21.2-1.1build2
libpython3.14:amd64	3.14.4-1ubuntu0.1
libpython3.14-dev:amd64	3.14.4-1ubuntu0.1
libpython3.14-minimal:amd64	3.14.4-1ubuntu0.1
libpython3.14-stdlib:amd64	3.14.4-1ubuntu0.1
libpython3.14-testsuite	3.14.4-1ubuntu0.1
libpython3-dev:amd64	3.14.3-0ubuntu2
libpython3-stdlib:amd64	3.14.3-0ubuntu2
libqhull-r8.0:amd64	2020.2-8
libqmi-glib5:amd64	1.38.0-1
libqmi-proxy	1.38.0-1
libqmi-utils	1.38.0-1
libqrtr-glib0:amd64	1.2.2-2ubuntu1
libquadmath0:amd64	16-20260322-1ubuntu1
librados2	20.2.0-0ubuntu2
libraqm0:amd64	0.10.4-1
librbd1	20.2.0-0ubuntu2
librdmacm1t64:amd64	61.0-2ubuntu3
libreadline8t64:amd64	8.3-4
librhash1:amd64	1.4.6-1.1
librtmp1:amd64	2.4+20151223.gitfa8646d.1-3
libsasl2-2:amd64	2.1.28+dfsg1-9ubuntu3
libsasl2-modules:amd64	2.1.28+dfsg1-9ubuntu3
libsasl2-modules-db:amd64	2.1.28+dfsg1-9ubuntu3
libseccomp2:amd64	2.6.0-2ubuntu5
libselinux1:amd64	3.9-4build1
libsemanage2:amd64	3.9-1build1
libsemanage-common	3.9-1build1
libsensors5:amd64	1:3.6.2-2build1
libsensors-config	1:3.6.2-2build1
libsepol2:amd64	3.9-2
libsframe3:amd64	2.46-3ubuntu2
libsgutils2-1.48:amd64	1.48-3ubuntu3.1
libsharpyuv0:amd64	1.5.0-0.1build1
libslang2:amd64	2.3.3-5build1
libsmartcols1:amd64	2.41.3-3ubuntu2
libsnappy1v5:amd64	1.2.2-2
libsodium23:amd64	1.0.18-2
libsort-naturally-perl	1.03-4
libsqlite3-0:amd64	3.46.1-9ubuntu0.2
libss2:amd64	1.47.2-3ubuntu4
libssh2-1t64:amd64	1.11.1-1ubuntu0.26.04.3
libssl3t64:amd64	3.5.5-1ubuntu3.3
libssl-dev:amd64	3.5.5-1ubuntu3.3
libstdc++-15-dev:amd64	15.2.0-16ubuntu1
libstdc++6:amd64	16-20260322-1ubuntu1
libstemmer0d:amd64	3.0.1-1
libsystemd0:amd64	259.5-0ubuntu3.4
libsystemd-shared:amd64	259.5-0ubuntu3.4
libsz2:amd64	1.1.5-1
libtasn1-6:amd64	4.21.0-2
libtbb12:amd64	2022.3.0-2
libtbbbind-2-5:amd64	2022.3.0-2
libtbbmalloc2:amd64	2022.3.0-2
libtcl8.6:amd64	8.6.17+dfsg-1build1
libterm-readkey-perl	2.38-2build5
libtext-charwidth-perl:amd64	0.04-11build4
libtext-iconv-perl:amd64	1.7-8.1
libtext-wrapi18n-perl	0.06-10
libtiff6:amd64	4.7.0-3ubuntu5
libtinfo6:amd64	6.6+20251231-1
libtirpc3t64:amd64	1.3.7-0.1
libtirpc-common	1.3.7-0.1
libtk8.6:amd64	8.6.17-1build1
libtraceevent1:amd64	1:1.8.7-1
libtraceevent1-plugin:amd64	1:1.8.7-1
libtracefs1:amd64	1.8.2-1ubuntu1
libtsan2:amd64	16-20260322-1ubuntu1
libtss2-esys-3.0.2-0t64:amd64	4.1.3-6
libtss2-mu-4.0.1-0t64:amd64	4.1.3-6
libtss2-sys1t64:amd64	4.1.3-6
libtss2-tcti-cmd0t64:amd64	4.1.3-6
libtss2-tcti-device0t64:amd64	4.1.3-6
libtss2-tcti-mssim0t64:amd64	4.1.3-6
libtss2-tcti-swtpm0t64:amd64	4.1.3-6
libubsan1:amd64	16-20260322-1ubuntu1
libuchardet0:amd64	0.0.8-2
libudev1:amd64	259.5-0ubuntu3.4
libudisks2-0:amd64	2.10.91-1ubuntu2
libunistring5:amd64	1.3-2build1
libunwind8:amd64	1.8.3-0ubuntu1
libupower-glib3:amd64	1.91.1-1
liburcu8t64:amd64	0.15.6-1
libusb-1.0-0:amd64	2:1.0.29-2build1
libusbmuxd-2.0-7:amd64	2.1.1-1
libuuid1:amd64	2.41.3-3ubuntu2
libuv1t64:amd64	1.51.0-2ubuntu1
libvolume-key1:amd64	0.3.12-10build2
libwebp7:amd64	1.5.0-0.1build1
libwebpdemux2:amd64	1.5.0-0.1build1
libwebpmux3:amd64	1.5.0-0.1build1
libwrap0:amd64	7.6.q-36build2
libx11-6:amd64	2:1.8.13-1
libx11-data	2:1.8.13-1
libxau6:amd64	1:1.0.11-1build2
libxcb1:amd64	1.17.0-2ubuntu1
libxcb-render0:amd64	1.17.0-2ubuntu1
libxcb-shm0:amd64	1.17.0-2ubuntu1
libxdmcp6:amd64	1:1.1.5-2
libxext6:amd64	2:1.3.4-1build3
libxft2:amd64	2.3.6-1build2
libxkbcommon0:amd64	1.13.1-1
libxml2-16:amd64	2.15.2+dfsg-0.1ubuntu0.1
libxmlb2:amd64	0.3.24-2
libxmlsec1-1:amd64	1.3.9-1
libxmlsec1-openssl1:amd64	1.3.9-1
libxmuu1:amd64	2:1.1.3-4
libxnvctrl0:amd64	510.47.03-0ubuntu7
libxrender1:amd64	1:0.9.12-1build1
libxslt1.1:amd64	1.1.45-0.1
libxss1:amd64	1:1.2.3-1build4
libxtables12:amd64	1.8.11-2ubuntu3
libxxhash0:amd64	0.8.3-2build1
libyaml-0-2:amd64	0.2.5-2build3
libze1:amd64	1.28.2-2
libzmq5:amd64	4.3.5-1build3
libzopfli1	1.0.3-3build1
libzstd1:amd64	1.5.7+dfsg-3
linux-base	4.15ubuntu5
linux-firmware	20260319.git217ca6e4.1ubuntu
linux-firmware-amd-graphics	20260319.git217ca6e4-0ubuntu3.1
linux-firmware-amd-misc	20260319.git217ca6e4-0ubuntu1.1
linux-firmware-broadcom-wireless	20260319.git217ca6e4-0ubuntu1.1
linux-firmware-intel-graphics	20260319.git217ca6e4-0ubuntu2.1
linux-firmware-intel-misc	20260319.git217ca6e4-0ubuntu1.2
linux-firmware-intel-wireless	20260319.git217ca6e4-0ubuntu2.1
linux-firmware-marvell-prestera	20260319.git217ca6e4-0ubuntu1.2
linux-firmware-marvell-wireless	20260319.git217ca6e4-0ubuntu1.1
linux-firmware-mediatek	20260319.git217ca6e4-0ubuntu1.2
linux-firmware-mellanox-spectrum	20260319.git217ca6e4-0ubuntu1.1
linux-firmware-misc	20260319.git217ca6e4-0ubuntu2.2
linux-firmware-netronome	20260319.git217ca6e4-0ubuntu1.1
linux-firmware-nvidia-graphics	20260319.git217ca6e4-0ubuntu1.1
linux-firmware-qlogic	20260319.git217ca6e4-0ubuntu1.1
linux-firmware-qualcomm-graphics	20260319.git217ca6e4-0ubuntu1.1
linux-firmware-qualcomm-misc	20260319.git217ca6e4-0ubuntu2.1
linux-firmware-qualcomm-wireless	20260319.git217ca6e4-0ubuntu1.2
linux-firmware-realtek	20260319.git217ca6e4-0ubuntu1.2
linux-generic	7.0.0-30.30
linux-headers-7.0.0-29	7.0.0-29.29
linux-headers-7.0.0-29-generic	7.0.0-29.29
linux-headers-7.0.0-30	7.0.0-30.30
linux-headers-7.0.0-30-generic	7.0.0-30.30
linux-headers-generic	7.0.0-30.30
linux-image-7.0.0-27-generic	7.0.0-27.27
linux-image-7.0.0-28-generic	7.0.0-28.28
linux-image-7.0.0-29-generic	7.0.0-29.29
linux-image-7.0.0-30-generic	7.0.0-30.30
linux-image-generic	7.0.0-30.30
linux-image-unsigned-7.0.0-14-generic	7.0.0-14.14
linux-libc-dev:amd64	7.0.0-30.30
linux-main-modules-zfs-7.0.0-14-generic	7.0.0-14.14+3
linux-main-modules-zfs-7.0.0-27-generic	7.0.0-27.27
linux-main-modules-zfs-7.0.0-28-generic	7.0.0-28.28+1
linux-main-modules-zfs-7.0.0-29-generic	7.0.0-29.29
linux-main-modules-zfs-7.0.0-30-generic	7.0.0-30.30
linux-modules-7.0.0-14-generic	7.0.0-14.14
linux-modules-7.0.0-27-generic	7.0.0-27.27
linux-modules-7.0.0-28-generic	7.0.0-28.28
linux-modules-7.0.0-29-generic	7.0.0-29.29
linux-modules-7.0.0-30-generic	7.0.0-30.30
linux-perf	7.0.0-30.30
linux-sysctl-defaults	4.15ubuntu5
linux-tools-7.0.0-29	7.0.0-29.29
linux-tools-7.0.0-29-generic	7.0.0-29.29
linux-tools-7.0.0-30	7.0.0-30.30
linux-tools-7.0.0-30-generic	7.0.0-30.30
linux-tools-common	7.0.0-30.30
locales	2.43-2ubuntu2.3
login	1:4.16.0-2+really2.41.3-3ubuntu2
login.defs	1:4.17.4-2ubuntu3
logrotate	3.22.0-1build1
logsave	1.47.2-3ubuntu4
lsb-base	11.6build1
lsb-release	12.1-2build1
lshw	02.19.git.2021.06.19.996aaad9c7-2.1ubuntu3
lsof	4.99.4+dfsg-2build2
lto-disabled-list	79
lvm2	2.03.31-2ubuntu3
lxd-agent-loader	0.13ubuntu0
lxd-installer	14ubuntu0
make	4.4.1-3
makedumpfile	1:1.7.7-1
man-db	2.13.1-1build1
manpages	6.17-1
manpages-dev	6.17-1
mawk	1.3.4.20260129-1
mdadm	4.5-5ubuntu1
media-types	14.0.0build1
mkdocs	1.6.1+dfsg1-2
mkdocs-get-deps	0.2.0-2
modemmanager	1.25.95-1ubuntu1
mokutil	0.7.2-2
motd-news-config	14ubuntu6.1
mount	2.41.3-3ubuntu2
msr-tools	1.3+git20220805.7d78c80-1build1
mtr-tiny	0.95-1.1ubuntu2
multipath-tools	0.14.3-2ubuntu1
mysql-common	5.8+1.1.1ubuntu2
nano	8.7.1-1ubuntu0.1
ncurses-base	6.6+20251231-1
ncurses-bin	6.6+20251231-1
ncurses-term	6.6+20251231-1
needrestart	3.11-1ubuntu2
netbase	6.5build1
netcat-openbsd	1.234-1
netplan-generator	1.2-1ubuntu5
netplan.io	1.2-1ubuntu5
net-tools	2.10-2ubuntu1
networkd-dispatcher	2.2.4-1.1ubuntu1
nftables	1.1.6-1
node-popper2	2.11.2-9
ntfs-3g	1:2022.10.3-5ubuntu1.1
numactl	2.0.19-1build1
numba-doc	0.64.0+dfsg-1ubuntu1
nvidia-firmware-595-server-595.71.05	595.71.05-0ubuntu0.26.04.1
nvidia-kernel-common-595	595.71.05-0ubuntu0.26.04.1
nvidia-kernel-common-595-server	595.71.05-0ubuntu0.26.04.1
nvidia-utils-595-server	595.71.05-0ubuntu0.26.04.1
nvtop	3.2.0-2
ocl-icd-libopencl1:amd64	2.3.4-1
open-iscsi	2.1.11-3ubuntu3
openssh-client	1:10.2p1-2ubuntu3.5
openssh-server	1:10.2p1-2ubuntu3.5
openssh-sftp-server	1:10.2p1-2ubuntu3.5
openssl	3.5.5-1ubuntu3.3
openssl-provider-legacy	3.5.5-1ubuntu3.3
open-vm-tools	2:13.0.10-1ubuntu1
os-prober	1.84ubuntu1
overlayroot	0.58ubuntu
packagekit	1.3.4-3ubuntu1.1
parted	3.6-6
passwd	1:4.17.4-2ubuntu3
patch	2.8-2build1
pci.ids	0.0~2026.02.12-1
pciutils	1:3.14.0-1build2
perl	5.40.1-7ubuntu0.1
perl-base	5.40.1-7ubuntu0.1
perl-modules-5.40	5.40.1-7ubuntu0.1
pinentry-curses	1.3.2-3ubuntu1
pipx	1.8.0-1
plymouth	24.004.60+git20250831.4a3c171d-0ubuntu8
plymouth-theme-ubuntu-text	24.004.60+git20250831.4a3c171d-0ubuntu8
pnp.ids	0.394-1build1
polkitd	127-2ubuntu1
pollinate	4.33-4ubuntu6
powermgmt-base	1.38ubuntu2
procps	2:4.0.4-9ubuntu1
psmisc	23.7-2ubuntu2
publicsuffix	20260129.1928-1
python3.14	3.14.4-1ubuntu0.1
python3.14-dev	3.14.4-1ubuntu0.1
python3.14-doc	3.14.4-1ubuntu0.1
python3.14-examples	3.14.4-1ubuntu0.1
python3.14-full	3.14.4-1ubuntu0.1
python3.14-gdbm	3.14.4-1ubuntu0.1
python3.14-minimal	3.14.4-1ubuntu0.1
python3.14-tk	3.14.4-1ubuntu0.1
python3.14-venv	3.14.4-1ubuntu0.1
python3	3.14.3-0ubuntu2
python3-anyio	4.11.0-3
python3-apport	2.34.1-0ubuntu0.1
python3-apt	3.1.0ubuntu1
python3-argcomplete	3.6.3-1
python3-attr	25.4.0-1build1
python3-autocommand	2.2.2-4
python3-automat	25.4.16-1build1
python3-babel	2.17.0-2
python3-bcrypt	5.0.0-3build1
python3-blinker	1.9.0-2build1
python3-blosc	1.11.2+ds1-3build1
python3-boto3	1.40.72-1build1
python3-botocore	1.40.72+repack-1build1
python3-bottleneck	1.4.2+ds1-2build3
python3-bpfcc	0.35.0+ds-1ubuntu2
python3-brotli	1.2.0-3build1
python3-bs4	4.14.3-2build1
python3-certifi	2026.1.4+ds-1
python3-cffi-backend:amd64	2.0.0-3build1
python3-chardet	5.2.0+dfsg-2build1
python3-click	8.2.0+0.really.8.1.8-1build1
python3-cloudpickle	3.1.2-1
python3-commandnotfound	23.04.0build1
python3-configobj	5.0.9-1build1
python3-constantly	23.10.4-2build1
python3-contourpy	1.3.3-1build1
python3-cpuinfo	9.0.0+git20221119-3
python3-cryptography	46.0.5-1ubuntu2
python3-cssselect	1.4.0-1
python3-cycler	0.12.1-2
python3-dask	2024.12.1+dfsg-2build1
python3-dateutil	2.9.0-4build1
python3-dbus	1.4.0-1build2
python3-debconf	1.5.92
python3-debian	1.0.1ubuntu2
python3-decorator	5.2.1-2
python3-defusedxml	0.7.1-3build1
python3-dev	3.14.3-0ubuntu2
python3-distributed	2024.12.1+ds-1
python3-distro	1.9.0-1build1
python3-distro-info	1.15
python3-distupgrade	1:26.04.22
python3-doc	3.14.3-0ubuntu2
python3-dropbox	12.0.2-2
python3-et-xmlfile	2.0.0-2
python3-examples	3.14.3-0ubuntu2
python3-filelock	3.20.3-1
python3-fonttools	4.61.1-3build1
python3-fsspec	2025.12.0-1
python3-full	3.14.3-0ubuntu2
python3-gdbm	3.14.3-0ubuntu2
python3-gi	3.56.2-1
python3-h11	0.14.0-1.1
python3-hamcrest	2.1.0-3
python3-html5lib	1.2-3
python3-httpcore	1.0.9-1
python3-httplib2	0.22.0-1ubuntu0.1
python3-httpx	0.28.1-1build1
python3-huggingface-hub	1.2.2-2
python3-hyperlink	21.0.0-6build1
python3-idna	3.11-1ubuntu0.1
python3-incremental	24.7.2-4
python3-inflect	7.5.0-1build1
python3-iniconfig	2.1.0-2
python3-jaraco.context	6.0.1-2
python3-jaraco.functools	4.1.0-1build1
python3-jaraco.text	4.0.0-1build1
python3-jinja2	3.1.6-1build1
python3-jmespath	1.0.1-1build1
python3-joblib	1.5.2-1
python3-jsonpatch	1.32-6
python3-json-pointer	2.4-4
python3-jsonschema	4.19.2-6ubuntu2
python3-jsonschema-specifications	2023.12.1-4
python3-jwt	2.10.1-4ubuntu1
python3-kiwisolver	1.4.10~rc0-1build1
python3-launchpadlib	2.1.0-1build1
python3-lazr.restfulclient	0.14.6-3build1
python3-lazr.uri	1.0.6-7build1
python3-legacy-cgi	2.6.4-2
python3-libarchive-c	5.1-1ubuntu1
python3-linkify-it	2.0.3-1ubuntu3
python3-livereload	2.7.1-0.1
python3-llvmlite	0.46.0-0.2
python3-locket	1.0.0-2build1
python3-lunr	0.8.0-1
python3-lxml:amd64	6.0.2-1build1
python3-lz4	4.4.5+dfsg-1build1
python3-magic	2:0.4.27-3build1
python3-markdown	3.10.2-1
python3-markdown-it	3.0.0-3build1
python3-markupsafe	3.0.3-1build1
python3-matplotlib	3.10.7+dfsg1-2build1
python3-mdurl	0.1.2-1build1
python3-mergedeep	1.3.4-4build1
python3-minimal	3.14.3-0ubuntu2
python3-more-itertools	10.8.0-1build1
python3-mpmath	1.3.0-2
python3-msgpack	1.1.2-2build1
python3-nacl	1.5.0-8
python3-netaddr	1.3.0-1build1
python3-netifaces:amd64	0.11.0-2build7
python3-netplan	1.2-1ubuntu5
python3-nltk	3.9.2-1
python3-numba	0.64.0+dfsg-1ubuntu1
python3-numexpr	2.14.1-1build1
python3-numpy	1:2.3.5+ds-3ubuntu1
python3-numpy-dev:amd64	1:2.3.5+ds-3ubuntu1
python3-oauthlib	3.3.1-1build1
python3-odf	1.4.2-4
python3-olefile	0.47-1build1
python3-openpyxl	3.1.5+dfsg-3
python3-openssl	25.3.0-1ubuntu1
python3-packaging	26.0-1
python3-pandas	2.3.3+dfsg-3ubuntu1
python3-pandas-lib:amd64	2.3.3+dfsg-3ubuntu1
python3-paramiko	4.0.0-1ubuntu2
python3-partd	1.4.2-1build1
python3-passlib	1.9.3-1ubuntu1
python3-pathspec	1.0.4-1
python3-pexpect	4.9-4
python3-pil:amd64	12.1.1-2ubuntu1.2
python3-pil.imagetk:amd64	12.1.1-2ubuntu1.2
python3-pip	25.1.1+dfsg-1ubuntu2
python3-pip-whl	25.1.1+dfsg-1ubuntu2
python3-pkg-resources	78.1.1-0.1build1
python3-platformdirs	4.9.4-1
python3-pluggy	1.6.0-2
python3-ply	3.11-10
python3-pooch	1.9.0-1
python3-problem-report	2.34.1-0ubuntu0.1
python3-psutil	7.1.0-1ubuntu1
python3-ptyprocess	0.7.0-6build1
python3-pyasn1	0.6.3-1
python3-pyasn1-modules	0.4.1-2build1
python3-pyasyncore	1.0.2-3build1
python3-pygit2	1.19.1-1build1
python3-pygments	2.19.2+dfsg-1
python3-pyinotify	0.9.6-5build1
python3-pyparsing	3.3.2-2
python3-pytest	9.0.2-4
python3-pytz	2025.2-5
python3-pyyaml-env-tag	1.1-1
python3-referencing	0.36.2-1ubuntu2
python3-regex	0.1.20250918-1build1
python3-requests	2.32.5+dfsg-1ubuntu1
python3-rich	13.9.4-1.2
python3-rpds-py	0.27.1-2ubuntu3
python3-s3transfer	0.14.0-1build1
python3-scipy	1.16.3-4build1
python3-serial	3.5-2build1
python3-service-identity	24.2.0-1build1
python3-setuptools	78.1.1-0.1build1
python3-setuptools-whl	78.1.1-0.1build1
python3-shellingham	1.5.4-1build1
python3-six	1.17.0-2build1
python3-sniffio	1.3.1-1
python3-software-properties	0.120
python3-sortedcontainers	2.4.0-2build1
python3-soupsieve	2.8.3-1
python3-stone	3.3.9-1
python3-sympy	1.14.0-2
python3-systemd	235-1build9
python3-tables	3.10.2-3build3
python3-tables-lib	3.10.2-3build3
python3-tblib	3.2.2-1
python3-tk	3.14.3-0ubuntu2
python3-toolz	1.1.0-1
python3-tornado	6.5.4-0.1ubuntu0.1
python3-tqdm	4.67.3-1build1
python3-twisted	25.5.0-5ubuntu0.1
python3-typeguard	4.4.4-2
python3-typer	0.19.2-1
python3-typing-extensions	4.15.0-2
python3-uc-micro	1.0.3-1build1
python3-ufolib2	0.18.1+dfsg1-1
python3-unicodedata2	16.0.0+ds-1build2
python3-update-manager	1:26.04.5
python3-urllib3	2.6.3-1ubuntu1.1
python3-userpath	1.9.2-2
python3-venv	3.14.3-0ubuntu2
python3-wadllib	2.0.0-3
python3-watchdog	6.0.0-4
python3-webencodings	0.5.1-5build1
python3-wheel	0.46.3-2
python3-xkit	0.5.0ubuntu8
python3-yaml	6.0.3-1build1
python3-zict	3.0.0-5
python3-zipp	3.23.0-1build1
python3-zmq	27.1.0-1build1
python3-zope.interface	8.2-1build1
python3-zopfli	0.4.1-1
python-apt-common	3.1.0ubuntu1
python-babel-localedata	2.17.0-2
python-matplotlib-data	3.10.7+dfsg1-2build1
python-odf-doc	1.4.2-4
python-odf-tools	1.4.2-4
python-tables-data	3.10.2-3build3
readline-common	8.3-4
rpcsvc-proto	1.4.3-1build1
rsync	3.4.1+ds1-7ubuntu0.3
rsyslog	8.2512.0-1ubuntu4.1
rust-coreutils	0.8.0-0ubuntu3
sbsigntool	0.9.4-3.1ubuntu9
screen	4.9.1-3ubuntu2
secureboot-db	1.9build2
sed	4.9-2ubuntu1
sensible-utils	0.0.26build1
sg3-utils	1.48-3ubuntu3.1
sg3-utils-udev	1.48-3ubuntu3.1
sgml-base	1.31+nmu1build1
shared-mime-info	2.4-5build3
snapd	2.76+ubuntu26.04.3
software-properties-common	0.120
sos	4.10.2-1
sphinx-rtd-theme-common	3.1.0+dfsg-1
sqlite3	3.46.1-9ubuntu0.2
squashfs-tools	1:4.7.5-1
ssh-import-id	5.11-0ubuntu4
strace	6.19+ds-0ubuntu5
sudo	1.9.17p2-1ubuntu3
sudo-common	1.2ubuntu
sudo-rs	0.2.13-0ubuntu1
sysbench	1.0.20+ds-7build2
sysstat	12.7.7-0ubuntu2
systemd	259.5-0ubuntu3.4
systemd-cryptsetup	259.5-0ubuntu3.4
systemd-hwe-hwdb	259.5.3ubuntu
systemd-resolved	259.5-0ubuntu3.4
systemd-sysv	259.5-0ubuntu3.4
sysvinit-utils	3.15-5ubuntu1
tar	1.35+dfsg-4ubuntu0.4
tcl	8.6.16build1
tcl8.6	8.6.17+dfsg-1build1
tcpdump	4.99.6-1
telnet	0.17+2.7-2ubuntu1.1
thermald	2.5.11-0ubuntu1
thin-provisioning-tools	1.1.0-4ubuntu2
time	1.9-0.4
tmux	3.6a-2ubuntu0.1
tnftp	20260211-1
tpm-udev	4.1.3-6
trace-cmd	3.3.3-1ubuntu2
tree	2.3.1-1
tzdata	2026c-0ubuntu0.26.04.1
ubuntu-drivers-common	1:0.10.9
ubuntu-kernel-accessories	1.570.2
ubuntu-keyring	2023.11.28.1build1
ubuntu-minimal	1.570.2
ubuntu-pro-client	37.2ubuntu0.1
ubuntu-pro-client-l10n	37.2ubuntu0.1
ubuntu-release-upgrader-core	1:26.04.22
ubuntu-server	1.570.2
ubuntu-server-minimal	1.570.2
ubuntu-standard	1.570.2
ucf	3.0052ubuntu1
udev	259.5-0ubuntu3.4
udisks2	2.10.91-1ubuntu2
ufw	0.36.2-9build1
unattended-upgrades	2.12ubuntu9
unicode-data	16.0.0-1build1
unminimize	0.5build1
update-manager-core	1:26.04.5
update-notifier-common	3.207.2
upower	1.91.1-1
usb.ids	2025.12.13-1
usb-modeswitch	2.6.2-1ubuntu1
usb-modeswitch-data	20191128-7build1
usbmuxd	1.1.1-7
usbutils	1:019-1
util-linux	2.41.3-3ubuntu2
util-linux-extra	2.41.3-3ubuntu2
uuid-runtime	2.41.3-3ubuntu2
vim	2:9.1.2141-1ubuntu4.8
vim-common	2:9.1.2141-1ubuntu4.8
vim-runtime	2:9.1.2141-1ubuntu4.8
vim-tiny	2:9.1.2141-1ubuntu4.8
wget	1.25.0-2ubuntu4.4
whiptail	0.52.25-1ubuntu3
wireless-regdb	2026.02.04-0ubuntu1
x11-common	1:7.7+26ubuntu1
xauth	1:1.1.2-1.1build1
xdg-user-dirs	0.19-1
xfsprogs	6.18.0-3
xkb-data	2.46-2
xml-core	0.19build1
xxd	2:9.1.2141-1ubuntu4.8
xz-utils	5.8.3-1
zerofree	1.1.1-1build6
zlib1g:amd64	1:1.3.dfsg+really1.3.1-1ubuntu3
zlib1g-dev:amd64	1:1.3.dfsg+really1.3.1-1ubuntu3
zstd	1.5.7+dfsg-3
